epoch,loss,training time,token throughput,input throughput
0,3.4184210300445557,360.3245747089386,5473.465143456047,42.76144643325037
